pos,ref,editp,codon_position,codon,editedcodon,synonymous
64237,T,0.6523605150214592,0,,,true
75885,T,0.7795682578291274,1,UAG,CAG,false
160817,A,0.2641509433962264,1,UGA,CGA,false
248992,A,0.7289719626168224,1,UAA,CAA,false
285144,T,0.41482047364400304,1,UAA,CAA,false
